Workbook

Sheet Table 1
B2: Notes de tall 1a assignació Juny 2025 (11/07/25)
B3: Ordre alfabètic per centre d'estudi
B4: ESTUDIS DE GRAU I TÍTOLS PROPIS
B5: Code | C5: Degree | D5: University | E5: Location | F5: Province | G5: Field | H5: High-School Specialization | I5: PAU | J5: >25 Years Old | K5: Degree Holders | L5: >45 Years Old
B6: 41035 | C6: Administració d'Empreses i Gestió de la Innovació / Turisme i Gestió del Lleure "Tecnocampus" (simultaneïtat) (Mataró) | D6: UPF | E6: Mataró | F6: =+_xlfn.XLOOKUP(E6,Data_Cleaning!$B$6:$B$50,Data_Cleaning!$C$6:$C$50) -> Barcelona​ | G6: {=_xlfn.XLOOKUP(TRUE,ISNUMBER(SEARCH(Data_Cleaning!$F$6:$F$36,C6)),Data_Cleaning!$G$6:$G$36,"Other",0)} -> Double Degree | H6: Social Sciences | I6: 5000 | J6: 5000 | K6: 5000 | L6: 5000
B7: 71063 | C7: Administració i Direcció d'Empreses "IGEMA" (Barcelona) | D7: URV | E7: Barcelona | F7: =+_xlfn.XLOOKUP(E7,Data_Cleaning!$B$6:$B$50,Data_Cleaning!$C$6:$C$50) -> Barcelona​ | G7: {=_xlfn.XLOOKUP(TRUE,ISNUMBER(SEARCH(Data_Cleaning!$F$6:$F$36,C7)),Data_Cleaning!$G$6:$G$36,"Other",0)} -> Social Sciences and Law | H7: =+_xlfn.XLOOKUP(G7,Data_Cleaning!$J$6:$J$11,Data_Cleaning!$K$6:$K$11) -> Social Sciences | I7: 5000 | J7: 5000 | K7: 5000 | L7: 5000
B8: 61077 | C8: Administració i Direcció d'Empreses i Transformació de Negocis "Centre Universitari EAE" (Barcelona) | D8: UdL | E8: Barcelona | F8: =+_xlfn.XLOOKUP(E8,Data_Cleaning!$B$6:$B$50,Data_Cleaning!$C$6:$C$50) -> Barcelona​ | G8: {=_xlfn.XLOOKUP(TRUE,ISNUMBER(SEARCH(Data_Cleaning!$F$6:$F$36,C8)),Data_Cleaning!$G$6:$G$36,"Other",0)} -> Social Sciences and Law | H8: =+_xlfn.XLOOKUP(G8,Data_Cleaning!$J$6:$J$11,Data_Cleaning!$K$6:$K$11) -> Social Sciences | I8: 5000 | J8: 5000 | K8: 5000 | L8: 5000
B9: 71049 | C9: Antropologia i Evolució Humana (virtual o semipresencial) (Tarragona) | D9: URV / UOC | E9: Tarragona | F9: =+_xlfn.XLOOKUP(E9,Data_Cleaning!$B$6:$B$50,Data_Cleaning!$C$6:$C$50) -> Tarragona​ | G9: Social Sciences and Law | H9: =+_xlfn.XLOOKUP(G9,Data_Cleaning!$J$6:$J$11,Data_Cleaning!$K$6:$K$11) -> Social Sciences | I9: 5000 | J9: 5000 | K9: 5000 | L9: 5000
B10: 21152 | C10: Antropologia Social i Cultural (Cerdanyola del Vallès) | D10: UAB | E10: Cerdanyola del Vallès | F10: =+_xlfn.XLOOKUP(E10,Data_Cleaning!$B$6:$B$50,Data_Cleaning!$C$6:$C$50) -> Barcelona​ | G10: Social Sciences and Law | H10: =+_xlfn.XLOOKUP(G10,Data_Cleaning!$J$6:$J$11,Data_Cleaning!$K$6:$K$11) -> Social Sciences | I10: 5000 | J10: 5000 | K10: 6300 | L10: 5000
B11: 11029 | C11: Arqueologia (Barcelona) | D11: UB | E11: Barcelona | F11: =+_xlfn.XLOOKUP(E11,Data_Cleaning!$B$6:$B$50,Data_Cleaning!$C$6:$C$50) -> Barcelona​ | G11: Social Sciences and Law | H11: =+_xlfn.XLOOKUP(G11,Data_Cleaning!$J$6:$J$11,Data_Cleaning!$K$6:$K$11) -> Social Sciences | I11: 5000 | J11: 5000 | K11: 5000 | L11: 6833
B12: 21146 | C12: Arqueologia (Cerdanyola del Vallès) | D12: UAB | E12: Cerdanyola del Vallès | F12: =+_xlfn.XLOOKUP(E12,Data_Cleaning!$B$6:$B$50,Data_Cleaning!$C$6:$C$50) -> Barcelona​ | G12: Social Sciences and Law | H12: =+_xlfn.XLOOKUP(G12,Data_Cleaning!$J$6:$J$11,Data_Cleaning!$K$6:$K$11) -> Social Sciences | I12: 5000 | J12: 5000 | K12: 5000 | L12: 6667
B13: 81045 | C13: Arts Escèniques "ERAM" (Salt) | D13: UdG | E13: Salt | F13: =+_xlfn.XLOOKUP(E13,Data_Cleaning!$B$6:$B$50,Data_Cleaning!$C$6:$C$50) -> Girona​ | G13: {=_xlfn.XLOOKUP(TRUE,ISNUMBER(SEARCH(Data_Cleaning!$F$6:$F$36,C13)),Data_Cleaning!$G$6:$G$36,"Other",0)} -> Arts and Humanities | H13: =+_xlfn.XLOOKUP(G13,Data_Cleaning!$J$6:$J$11,Data_Cleaning!$K$6:$K$11) -> Arts and Humanities | I13: 5000 | J13: 5000 | K13: 5000 | L13: 5000
B14: 21020 | C14: Arts i Disseny "Massana" (Barcelona) | D14: UAB | E14: Barcelona | F14: =+_xlfn.XLOOKUP(E14,Data_Cleaning!$B$6:$B$50,Data_Cleaning!$C$6:$C$50) -> Barcelona​ | G14: {=_xlfn.XLOOKUP(TRUE,ISNUMBER(SEARCH(Data_Cleaning!$F$6:$F$36,C14)),Data_Cleaning!$G$6:$G$36,"Other",0)} -> Arts and Humanities | H14: =+_xlfn.XLOOKUP(G14,Data_Cleaning!$J$6:$J$11,Data_Cleaning!$K$6:$K$11) -> Arts and Humanities | I14: 5000 | J14: 5000 | K14: 5000 | L14: 5000
B15: 91063 | C15: Audiologia General (Vic) | D15: UVic-UCC | E15: Vic | F15: =+_xlfn.XLOOKUP(E15,Data_Cleaning!$B$6:$B$50,Data_Cleaning!$C$6:$C$50) -> Barcelona​ | G15: Health Sciences | H15: =+_xlfn.XLOOKUP(G15,Data_Cleaning!$J$6:$J$11,Data_Cleaning!$K$6:$K$11) -> Science and Technology | I15: 5000 | J15: 5000 | K15: 5000 | L15: 5000
B16: 91059 | C16: Belles Arts "BAU" (Barcelona) | D16: UVic-UCC | E16: Barcelona | F16: =+_xlfn.XLOOKUP(E16,Data_Cleaning!$B$6:$B$50,Data_Cleaning!$C$6:$C$50) -> Barcelona​ | G16: {=_xlfn.XLOOKUP(TRUE,ISNUMBER(SEARCH(Data_Cleaning!$F$6:$F$36,C16)),Data_Cleaning!$G$6:$G$36,"Other",0)} -> Arts and Humanities | H16: =+_xlfn.XLOOKUP(G16,Data_Cleaning!$J$6:$J$11,Data_Cleaning!$K$6:$K$11) -> Arts and Humanities | I16: 5000 | J16: 5000 | K16: 5000 | L16: 5000
B17: 11113 | C17: Ciències Culinàries i Gastronòmiques "CETT" (Barcelona) | D17: UB | E17: Barcelona | F17: =+_xlfn.XLOOKUP(E17,Data_Cleaning!$B$6:$B$50,Data_Cleaning!$C$6:$C$50) -> Barcelona​ | G17: Health Sciences | H17: =+_xlfn.XLOOKUP(G17,Data_Cleaning!$J$6:$J$11,Data_Cleaning!$K$6:$K$11) -> Science and Technology | I17: 5000 | J17: 5000 | K17: 5000 | L17: 5000
B18: 21117 | C18: Ciències de l'Antiguitat (Cerdanyola del Vallès) | D18: UAB | E18: Cerdanyola del Vallès | F18: =+_xlfn.XLOOKUP(E18,Data_Cleaning!$B$6:$B$50,Data_Cleaning!$C$6:$C$50) -> Barcelona​ | G18: Social Sciences and Law | H18: =+_xlfn.XLOOKUP(G18,Data_Cleaning!$J$6:$J$11,Data_Cleaning!$K$6:$K$11) -> Social Sciences | I18: 5000 | J18: 5000 | K18: 5000 | L18: 5000
B19: 11105 | C19: Cinematografia "ESCAC" (Terrassa) | D19: UB | E19: Terrassa | F19: =+_xlfn.XLOOKUP(E19,Data_Cleaning!$B$6:$B$50,Data_Cleaning!$C$6:$C$50) -> Barcelona​ | G19: Arts and Humanities | H19: =+_xlfn.XLOOKUP(G19,Data_Cleaning!$J$6:$J$11,Data_Cleaning!$K$6:$K$11) -> Arts and Humanities | I19: 5000 | J19: 5000 | K19: 5000 | L19: 5000
B20: 91006 | C20: Comunicació Audiovisual (Vic) | D20: UVic-UCC | E20: Vic | F20: =+_xlfn.XLOOKUP(E20,Data_Cleaning!$B$6:$B$50,Data_Cleaning!$C$6:$C$50) -> Barcelona​ | G20: {=_xlfn.XLOOKUP(TRUE,ISNUMBER(SEARCH(Data_Cleaning!$F$6:$F$36,C20)),Data_Cleaning!$G$6:$G$36,"Other",0)} -> Social Sciences and Law | H20: =+_xlfn.XLOOKUP(G20,Data_Cleaning!$J$6:$J$11,Data_Cleaning!$K$6:$K$11) -> Social Sciences | I20: 5000 | J20: 5000 | K20: 5000 | L20: 5000
B21: 81005 | C21: Comunicació Audiovisual i Multimèdia "ERAM" (Salt) | D21: UdG | E21: Salt | F21: =+_xlfn.XLOOKUP(E21,Data_Cleaning!$B$6:$B$50,Data_Cleaning!$C$6:$C$50) -> Girona​ | G21: {=_xlfn.XLOOKUP(TRUE,ISNUMBER(SEARCH(Data_Cleaning!$F$6:$F$36,C21)),Data_Cleaning!$G$6:$G$36,"Other",0)} -> Social Sciences and Law | H21: =+_xlfn.XLOOKUP(G21,Data_Cleaning!$J$6:$J$11,Data_Cleaning!$K$6:$K$11) -> Social Sciences | I21: 5000 | J21: 5000 | K21: 5000 | L21: 5000
B22: 81067 | C22: Comunicació Audiovisual i Multimèdia "ERAM" (docència en Anglès) (Salt) | D22: UdG | E22: Salt | F22: =+_xlfn.XLOOKUP(E22,Data_Cleaning!$B$6:$B$50,Data_Cleaning!$C$6:$C$50) -> Girona​ | G22: {=_xlfn.XLOOKUP(TRUE,ISNUMBER(SEARCH(Data_Cleaning!$F$6:$F$36,C22)),Data_Cleaning!$G$6:$G$36,"Other",0)} -> Social Sciences and Law | H22: =+_xlfn.XLOOKUP(G22,Data_Cleaning!$J$6:$J$11,Data_Cleaning!$K$6:$K$11) -> Social Sciences | I22: 5000 | J22: 5000 | K22: 5000 | L22: 5000
B23: 81068 | C23: Comunicació Cultural (Girona) | D23: UdG | E23: Girona | F23: =+_xlfn.XLOOKUP(E23,Data_Cleaning!$B$6:$B$50,Data_Cleaning!$C$6:$C$50) -> Girona​ | G23: {=_xlfn.XLOOKUP(TRUE,ISNUMBER(SEARCH(Data_Cleaning!$F$6:$F$36,C23)),Data_Cleaning!$G$6:$G$36,"Other",0)} -> Social Sciences and Law | H23: =+_xlfn.XLOOKUP(G23,Data_Cleaning!$J$6:$J$11,Data_Cleaning!$K$6:$K$11) -> Social Sciences | I23: 5000 | J23: 5000 | K23: 5000 | L23: 6667
B24: 61042 | C24: Conservació de la Natura / Enginyeria Forestal (simultaneïtat) (Lleida) | D24: UdL | E24: Lleida | F24: =+_xlfn.XLOOKUP(E24,Data_Cleaning!$B$6:$B$50,Data_Cleaning!$C$6:$C$50) -> Lleida​ | G24: {=_xlfn.XLOOKUP(TRUE,ISNUMBER(SEARCH(Data_Cleaning!$F$6:$F$36,C24)),Data_Cleaning!$G$6:$G$36,"Other",0)} -> Double Degree | H24: Social Sciences | I24: 5000 | J24: 5000 | K24: 7680 | L24: 5000
B25: 91050 | C25: Criminologia "ESERP" (Barcelona) | D25: UVic-UCC | E25: Barcelona | F25: =+_xlfn.XLOOKUP(E25,Data_Cleaning!$B$6:$B$50,Data_Cleaning!$C$6:$C$50) -> Barcelona​ | G25: Social Sciences and Law | H25: =+_xlfn.XLOOKUP(G25,Data_Cleaning!$J$6:$J$11,Data_Cleaning!$K$6:$K$11) -> Social Sciences | I25: 5000 | J25: 5000 | K25: 5000 | L25: 5000
B26: 81083 | C26: Direcció d'Empreses Hoteleres i Gastronòmiques (Sant Pol de Mar) | D26: UdG | E26: Sant Pol de Mar | F26: =+_xlfn.XLOOKUP(E26,Data_Cleaning!$B$6:$B$50,Data_Cleaning!$C$6:$C$50) -> Barcelona​ | G26: Social Sciences and Law | H26: =+_xlfn.XLOOKUP(G26,Data_Cleaning!$J$6:$J$11,Data_Cleaning!$K$6:$K$11) -> Social Sciences | I26: 5000 | J26: 5000 | K26: 5000 | L26: 5000
B27: 21107 | C27: Direcció Hotelera (Cerdanyola del Vallès) | D27: UAB | E27: Cerdanyola del Vallès | F27: =+_xlfn.XLOOKUP(E27,Data_Cleaning!$B$6:$B$50,Data_Cleaning!$C$6:$C$50) -> Barcelona​ | G27: Social Sciences and Law | H27: =+_xlfn.XLOOKUP(G27,Data_Cleaning!$J$6:$J$11,Data_Cleaning!$K$6:$K$11) -> Social Sciences | I27: 5000 | J27: 5000 | K27: 5000 | L27: 5000
B28: 11114 | C28: Direcció Hotelera Internacional "CETT" (Barcelona) | D28: UB | E28: Barcelona | F28: =+_xlfn.XLOOKUP(E28,Data_Cleaning!$B$6:$B$50,Data_Cleaning!$C$6:$C$50) -> Barcelona​ | G28: Social Sciences and Law | H28: =+_xlfn.XLOOKUP(G28,Data_Cleaning!$J$6:$J$11,Data_Cleaning!$K$6:$K$11) -> Social Sciences | I28: 5000 | J28: 5000 | K28: 5000 | L28: 5000
B29: 71085 | C29: Direcció i Gestió d'Empreses en l'Àmbit Digital "ESIC" (Barcelona) | D29: URV | E29: Barcelona | F29: =+_xlfn.XLOOKUP(E29,Data_Cleaning!$B$6:$B$50,Data_Cleaning!$C$6:$C$50) -> Barcelona​ | G29: Social Sciences and Law | H29: =+_xlfn.XLOOKUP(G29,Data_Cleaning!$J$6:$J$11,Data_Cleaning!$K$6:$K$11) -> Social Sciences | I29: 5000 | J29: 5000 | K29: 5000 | L29: 5000
B30: 11110 | C30: Direcció i Gestió Gastronòmica "Barcelona Culinary Hub" (L'Hospitalet de Llobregat) | D30: UB | E30: L'Hospitalet de Llobregat | F30: =+_xlfn.XLOOKUP(E30,Data_Cleaning!$B$6:$B$50,Data_Cleaning!$C$6:$C$50) -> Barcelona​ | G30: Social Sciences and Law | H30: =+_xlfn.XLOOKUP(G30,Data_Cleaning!$J$6:$J$11,Data_Cleaning!$K$6:$K$11) -> Social Sciences | I30: 5000 | J30: 5000 | K30: 5000 | L30: 5000
B31: 91007 | C31: Disseny "BAU" (Barcelona) | D31: UVic-UCC | E31: Barcelona | F31: =+_xlfn.XLOOKUP(E31,Data_Cleaning!$B$6:$B$50,Data_Cleaning!$C$6:$C$50) -> Barcelona​ | G31: Arts and Humanities | H31: =+_xlfn.XLOOKUP(G31,Data_Cleaning!$J$6:$J$11,Data_Cleaning!$K$6:$K$11) -> Arts and Humanities | I31: 5000 | J31: 5000 | K31: 5000 | L31: 5000
B32: 21015 | C32: Disseny "Eina" (Barcelona) | D32: UAB | E32: Barcelona | F32: =+_xlfn.XLOOKUP(E32,Data_Cleaning!$B$6:$B$50,Data_Cleaning!$C$6:$C$50) -> Barcelona​ | G32: Arts and Humanities | H32: =+_xlfn.XLOOKUP(G32,Data_Cleaning!$J$6:$J$11,Data_Cleaning!$K$6:$K$11) -> Arts and Humanities | I32: 5000 | J32: 5000 | K32: 5000 | L32: 5000
B33: 31121 | C33: Disseny Digital i Tecnologies Multimèdia (Terrassa) | D33: UPC | E33: Terrassa | F33: =+_xlfn.XLOOKUP(E33,Data_Cleaning!$B$6:$B$50,Data_Cleaning!$C$6:$C$50) -> Barcelona​ | G33: Arts and Humanities | H33: =+_xlfn.XLOOKUP(G33,Data_Cleaning!$J$6:$J$11,Data_Cleaning!$K$6:$K$11) -> Arts and Humanities | I33: 5000 | J33: 5000 | K33: 5000 | L33: 5000
B34: 31083 | C34: Disseny i Desenvolupament de Videojocs (docència en Anglès) (Campus Barcelona) (Barcelona / Terrassa) | D34: UPC | E34: Barcelona / Terrassa | F34: =+_xlfn.XLOOKUP(E34,Data_Cleaning!$B$6:$B$50,Data_Cleaning!$C$6:$C$50) -> Barcelona​ | G34: Engineering and Architecture | H34: =+_xlfn.XLOOKUP(G34,Data_Cleaning!$J$6:$J$11,Data_Cleaning!$K$6:$K$11) -> Science and Technology | I34: 5000 | J34: 6750 | K34: 5000 | L34: 5000
B35: 31074 | C35: Disseny i Desenvolupament de Videojocs (Campus Terrassa) (Barcelona / Terrassa) | D35: UPC | E35: Barcelona / Terrassa | F35: =+_xlfn.XLOOKUP(E35,Data_Cleaning!$B$6:$B$50,Data_Cleaning!$C$6:$C$50) -> Barcelona​ | G35: Engineering and Architecture | H35: =+_xlfn.XLOOKUP(G35,Data_Cleaning!$J$6:$J$11,Data_Cleaning!$K$6:$K$11) -> Science and Technology | I35: 5000 | J35: 5000 | K35: 5000 | L35: 5000
B36: 11106 | C36: Disseny i Desenvolupament de Videojocs i Jocs Aplicats "ENTI" (Barcelona) | D36: UB | E36: Barcelona | F36: =+_xlfn.XLOOKUP(E36,Data_Cleaning!$B$6:$B$50,Data_Cleaning!$C$6:$C$50) -> Barcelona​ | G36: Engineering and Architecture | H36: =+_xlfn.XLOOKUP(G36,Data_Cleaning!$J$6:$J$11,Data_Cleaning!$K$6:$K$11) -> Science and Technology | I36: 5000 | J36: 5000 | K36: 5000 | L36: 5000
... B38: 41045 | C38: Disseny i Producció de Videojocs "Tecnocampus" (Mataró) | D38: UPF | E38: Mataró | F38: =+_xlfn.XLOOKUP(E38,Data_Cleaning!$B$6:$B$50,Data_Cleaning!$C$6:$C$50) -> Barcelona​ | G38: Engineering and Architecture | H38: =+_xlfn.XLOOKUP(G38,Data_Cleaning!$J$6:$J$11,Data_Cleaning!$K$6:$K$11) -> Science and Technology | I38: 5000 | J38: 5000 | K38: 5000 | L38: 5000
B39: 41052 | C39: Disseny i Producció de Videojocs / Enginyeria Informàtica de Gestió i Sistemes d'Informació "Tecnocampus" (simultaneïtat) (Mataró) | D39: UPF | E39: Mataró | F39: =+_xlfn.XLOOKUP(E39,Data_Cleaning!$B$6:$B$50,Data_Cleaning!$C$6:$C$50) -> Barcelona​ | G39: {=_xlfn.XLOOKUP(TRUE,ISNUMBER(SEARCH(Data_Cleaning!$F$6:$F$36,C39)),Data_Cleaning!$G$6:$G$36,"Other",0)} -> Double Degree | H39: Science and Technology | I39: 5000 | J39: 5000 | K39: 5000 | L39: 5000
B40: 91921 | C40: Disseny per als Sistemes Alimentaris "ELISAVA-CETT" (Barcelona) | D40: UVic-UCC / UB | E40: Barcelona | F40: =+_xlfn.XLOOKUP(E40,Data_Cleaning!$B$6:$B$50,Data_Cleaning!$C$6:$C$50) -> Barcelona​ | G40: Health Sciences | H40: =+_xlfn.XLOOKUP(G40,Data_Cleaning!$J$6:$J$11,Data_Cleaning!$K$6:$K$11) -> Science and Technology | I40: 5000 | J40: 5000 | K40: 5000 | L40: 5000
B41: 91053 | C41: Dret "ESERP" (Barcelona) | D41: UVic-UCC | E41: Barcelona | F41: =+_xlfn.XLOOKUP(E41,Data_Cleaning!$B$6:$B$50,Data_Cleaning!$C$6:$C$50) -> Barcelona​ | G41: {=_xlfn.XLOOKUP(TRUE,ISNUMBER(SEARCH(Data_Cleaning!$F$6:$F$36,C41)),Data_Cleaning!$G$6:$G$36,"Other",0)} -> Social Sciences and Law | H41: =+_xlfn.XLOOKUP(G41,Data_Cleaning!$J$6:$J$11,Data_Cleaning!$K$6:$K$11) -> Social Sciences | I41: 5000 | J41: 5000 | K41: 5000 | L41: 5000
B42: 61011 | C42: Educació Infantil (Lleida) | D42: UdL | E42: Lleida | F42: =+_xlfn.XLOOKUP(E42,Data_Cleaning!$B$6:$B$50,Data_Cleaning!$C$6:$C$50) -> Lleida​ | G42: {=_xlfn.XLOOKUP(TRUE,ISNUMBER(SEARCH(Data_Cleaning!$F$6:$F$36,C42)),Data_Cleaning!$G$6:$G$36,"Other",0)} -> Social Sciences and Law | H42: =+_xlfn.XLOOKUP(G42,Data_Cleaning!$J$6:$J$11,Data_Cleaning!$K$6:$K$11) -> Social Sciences | I42: 5000 | J42: 5000 | K42: 5000 | L42: 5000
B43: 91038 | C43: Educació Infantil (Campus Manresa) (Manresa) | D43: UVic-UCC | E43: Manresa | F43: =+_xlfn.XLOOKUP(E43,Data_Cleaning!$B$6:$B$50,Data_Cleaning!$C$6:$C$50) -> Barcelona​ | G43: {=_xlfn.XLOOKUP(TRUE,ISNUMBER(SEARCH(Data_Cleaning!$F$6:$F$36,C43)),Data_Cleaning!$G$6:$G$36,"Other",0)} -> Social Sciences and Law | H43: =+_xlfn.XLOOKUP(G43,Data_Cleaning!$J$6:$J$11,Data_Cleaning!$K$6:$K$11) -> Social Sciences | I43: 5000 | J43: 5000 | K43: 5000 | L43: 5000
B44: 71029 | C44: Educació Infantil (Tortosa) | D44: URV | E44: Tortosa | F44: =+_xlfn.XLOOKUP(E44,Data_Cleaning!$B$6:$B$50,Data_Cleaning!$C$6:$C$50) -> Tarragona​ | G44: {=_xlfn.XLOOKUP(TRUE,ISNUMBER(SEARCH(Data_Cleaning!$F$6:$F$36,C44)),Data_Cleaning!$G$6:$G$36,"Other",0)} -> Social Sciences and Law | H44: =+_xlfn.XLOOKUP(G44,Data_Cleaning!$J$6:$J$11,Data_Cleaning!$K$6:$K$11) -> Social Sciences | I44: 5000 | J44: 5000 | K44: 5000 | L44: 5000
B45: 91008 | C45: Educació Infantil (Vic) | D45: UVic-UCC | E45: Vic | F45: =+_xlfn.XLOOKUP(E45,Data_Cleaning!$B$6:$B$50,Data_Cleaning!$C$6:$C$50) -> Barcelona​ | G45: {=_xlfn.XLOOKUP(TRUE,ISNUMBER(SEARCH(Data_Cleaning!$F$6:$F$36,C45)),Data_Cleaning!$G$6:$G$36,"Other",0)} -> Social Sciences and Law | H45: =+_xlfn.XLOOKUP(G45,Data_Cleaning!$J$6:$J$11,Data_Cleaning!$K$6:$K$11) -> Social Sciences | I45: 5000 | J45: 5000 | K45: 5000 | L45: 5000
B46: 91010 | C46: Educació Social (Vic) | D46: UVic-UCC | E46: Vic | F46: =+_xlfn.XLOOKUP(E46,Data_Cleaning!$B$6:$B$50,Data_Cleaning!$C$6:$C$50) -> Barcelona​ | G46: {=_xlfn.XLOOKUP(TRUE,ISNUMBER(SEARCH(Data_Cleaning!$F$6:$F$36,C46)),Data_Cleaning!$G$6:$G$36,"Other",0)} -> Social Sciences and Law | H46: =+_xlfn.XLOOKUP(G46,Data_Cleaning!$J$6:$J$11,Data_Cleaning!$K$6:$K$11) -> Social Sciences | I46: 5000 | J46: 5000 | K46: 5000 | L46: 5000
B47: 31125 | C47: Empresa, Innovació i Tecnologia "EUNCET" (Campus 22@) (semipresencial) (Barcelona) | D47: UPC | E47: Barcelona | F47: =+_xlfn.XLOOKUP(E47,Data_Cleaning!$B$6:$B$50,Data_Cleaning!$C$6:$C$50) -> Barcelona​ | G47: {=_xlfn.XLOOKUP(TRUE,ISNUMBER(SEARCH(Data_Cleaning!$F$6:$F$36,C47)),Data_Cleaning!$G$6:$G$36,"Other",0)} -> Social Sciences and Law | H47: =+_xlfn.XLOOKUP(G47,Data_Cleaning!$J$6:$J$11,Data_Cleaning!$K$6:$K$11) -> Social Sciences | I47: 5000 | J47: 5000 | K47: 5000 | L47: 5000
B48: 31128 | C48: Empresa, Innovació i Tecnologia "EUNCET" (Campus Terrassa) (presencial) (Terrassa) | D48: UPC | E48: Terrassa | F48: =+_xlfn.XLOOKUP(E48,Data_Cleaning!$B$6:$B$50,Data_Cleaning!$C$6:$C$50) -> Barcelona​ | G48: {=_xlfn.XLOOKUP(TRUE,ISNUMBER(SEARCH(Data_Cleaning!$F$6:$F$36,C48)),Data_Cleaning!$G$6:$G$36,"Other",0)} -> Social Sciences and Law | H48: =+_xlfn.XLOOKUP(G48,Data_Cleaning!$J$6:$J$11,Data_Cleaning!$K$6:$K$11) -> Social Sciences | I48: 5000 | J48: 5000 | K48: 5000 | L48: 5000
B49: 31127 | C49: Empresa, Innovació i Tecnologia "EUNCET" (Campus Terrassa) (semipresencial) (Terrassa) | D49: UPC | E49: Terrassa | F49: =+_xlfn.XLOOKUP(E49,Data_Cleaning!$B$6:$B$50,Data_Cleaning!$C$6:$C$50) -> Barcelona​ | G49: {=_xlfn.XLOOKUP(TRUE,ISNUMBER(SEARCH(Data_Cleaning!$F$6:$F$36,C49)),Data_Cleaning!$G$6:$G$36,"Other",0)} -> Social Sciences and Law | H49: =+_xlfn.XLOOKUP(G49,Data_Cleaning!$J$6:$J$11,Data_Cleaning!$K$6:$K$11) -> Social Sciences | I49: 5000 | J49: 5000 | K49: 5000 | L49: 5000
B50: 31136 | C50: Empresa, Innovació i Tecnologia / Gestió i Digitalització en l'Esport "EUNCET" (Campus Can Dragó + Campus 22@) (presencial) (simultaneïtat) (Barcelona) | D50: UPC | E50: Barcelona | F50: =+_xlfn.XLOOKUP(E50,Data_Cleaning!$B$6:$B$50,Data_Cleaning!$C$6:$C$50) -> Barcelona​ | G50: {=_xlfn.XLOOKUP(TRUE,ISNUMBER(SEARCH(Data_Cleaning!$F$6:$F$36,C50)),Data_Cleaning!$G$6:$G$36,"Other",0)} -> Double Degree | H50: Social Sciences | I50: 5000 | J50: 5000 | K50: 5000 | L50: 5000
B51: 31130 | C51: Empresa, Innovació i Tecnologia / Màrqueting, Innovació i Tecnologia "EUNCET" (Campus Terrassa) (presencial) (simultaneïtat) (Terrassa) | D51: UPC | E51: Terrassa | F51: =+_xlfn.XLOOKUP(E51,Data_Cleaning!$B$6:$B$50,Data_Cleaning!$C$6:$C$50) -> Barcelona​ | G51: {=_xlfn.XLOOKUP(TRUE,ISNUMBER(SEARCH(Data_Cleaning!$F$6:$F$36,C51)),Data_Cleaning!$G$6:$G$36,"Other",0)} -> Double Degree | H51: Social Sciences | I51: 5000 | J51: 5000 | K51: 5000 | L51: 5000
B52: 91057 | C52: Enginyeria de Disseny Industrial "ELISAVA" (Barcelona) | D52: UVic-UCC | E52: Barcelona | F52: =+_xlfn.XLOOKUP(E52,Data_Cleaning!$B$6:$B$50,Data_Cleaning!$C$6:$C$50) -> Barcelona​ | G52: {=_xlfn.XLOOKUP(TRUE,ISNUMBER(SEARCH(Data_Cleaning!$F$6:$F$36,C52)),Data_Cleaning!$G$6:$G$36,"Other",0)} -> Engineering and Architecture | H52: =+_xlfn.XLOOKUP(G52,Data_Cleaning!$J$6:$J$11,Data_Cleaning!$K$6:$K$11) -> Science and Technology | I52: 5000 | J52: 5000 | K52: 5000 | L52: 5000
B53: 61054 | C53: Estudis Anglesos (Lleida) | D53: UdL | E53: Lleida | F53: =+_xlfn.XLOOKUP(E53,Data_Cleaning!$B$6:$B$50,Data_Cleaning!$C$6:$C$50) -> Lleida​ | G53: Arts and Humanities | H53: =+_xlfn.XLOOKUP(G53,Data_Cleaning!$J$6:$J$11,Data_Cleaning!$K$6:$K$11) -> Arts and Humanities | I53: 5000 | J53: 5000 | K53: 5000 | L53: 5000
B54: 61051 | C54: Estudis Anglesos / Llengües Aplicades i Traducció (simultaneïtat) (Lleida) | D54: UdL | E54: Lleida | F54: =+_xlfn.XLOOKUP(E54,Data_Cleaning!$B$6:$B$50,Data_Cleaning!$C$6:$C$50) -> Lleida​ | G54: {=_xlfn.XLOOKUP(TRUE,ISNUMBER(SEARCH(Data_Cleaning!$F$6:$F$36,C54)),Data_Cleaning!$G$6:$G$36,"Other",0)} -> Double Degree | H54: Arts and Humanities | I54: 5000 | J54: 5000 | K54: 5000 | L54: 5000
B55: 11094 | C55: Estudis Àrabs i Hebreus (Barcelona) | D55: UB | E55: Barcelona | F55: =+_xlfn.XLOOKUP(E55,Data_Cleaning!$B$6:$B$50,Data_Cleaning!$C$6:$C$50) -> Barcelona​ | G55: Arts and Humanities | H55: =+_xlfn.XLOOKUP(G55,Data_Cleaning!$J$6:$J$11,Data_Cleaning!$K$6:$K$11) -> Arts and Humanities | I55: 5000 | J55: 6000 | K55: 5000 | L55: 5000
B56: 21140 | C56: Estudis d'Anglès i Català (Cerdanyola del Vallès) | D56: UAB | E56: Cerdanyola del Vallès | F56: =+_xlfn.XLOOKUP(E56,Data_Cleaning!$B$6:$B$50,Data_Cleaning!$C$6:$C$50) -> Barcelona​ | G56: Arts and Humanities | H56: =+_xlfn.XLOOKUP(G56,Data_Cleaning!$J$6:$J$11,Data_Cleaning!$K$6:$K$11) -> Arts and Humanities | I56: 5000 | J56: 5000 | K56: 7750 | L56: 5000
B57: 21141 | C57: Estudis d'Anglès i de Clàssiques (Cerdanyola del Vallès) | D57: UAB | E57: Cerdanyola del Vallès | F57: =+_xlfn.XLOOKUP(E57,Data_Cleaning!$B$6:$B$50,Data_Cleaning!$C$6:$C$50) -> Barcelona​ | G57: Arts and Humanities | H57: =+_xlfn.XLOOKUP(G57,Data_Cleaning!$J$6:$J$11,Data_Cleaning!$K$6:$K$11) -> Arts and Humanities | I57: 5000 | J57: 5000 | K57: 5000 | L57: 5000
B58: 21142 | C58: Estudis d'Anglès i Espanyol (Cerdanyola del Vallès) | D58: UAB | E58: Cerdanyola del Vallès | F58: =+_xlfn.XLOOKUP(E58,Data_Cleaning!$B$6:$B$50,Data_Cleaning!$C$6:$C$50) -> Barcelona​ | G58: Arts and Humanities | H58: =+_xlfn.XLOOKUP(G58,Data_Cleaning!$J$6:$J$11,Data_Cleaning!$K$6:$K$11) -> Arts and Humanities | I58: 5000 | J58: 5000 | K58: 5000 | L58: 5000
B59: 21143 | C59: Estudis d'Anglès i Francès (Cerdanyola del Vallès) | D59: UAB | E59: Cerdanyola del Vallès | F59: =+_xlfn.XLOOKUP(E59,Data_Cleaning!$B$6:$B$50,Data_Cleaning!$C$6:$C$50) -> Barcelona​ | G59: Arts and Humanities | H59: =+_xlfn.XLOOKUP(G59,Data_Cleaning!$J$6:$J$11,Data_Cleaning!$K$6:$K$11) -> Arts and Humanities | I59: 5000 | J59: 5000 | K59: 5000 | L59: 5000
B60: 21133 | C60: Estudis d'Espanyol i Xinès: Llengua, Literatura i Cultura (Cerdanyola del Vallès) | D60: UAB | E60: Cerdanyola del Vallès | F60: =+_xlfn.XLOOKUP(E60,Data_Cleaning!$B$6:$B$50,Data_Cleaning!$C$6:$C$50) -> Barcelona​ | G60: Arts and Humanities | H60: =+_xlfn.XLOOKUP(G60,Data_Cleaning!$J$6:$J$11,Data_Cleaning!$K$6:$K$11) -> Arts and Humanities | I60: 5000 | J60: 5000 | K60: 5000 | L60: 5000
B61: 21144 | C61: Estudis de Català i Espanyol (Cerdanyola del Vallès) | D61: UAB | E61: Cerdanyola del Vallès | F61: =+_xlfn.XLOOKUP(E61,Data_Cleaning!$B$6:$B$50,Data_Cleaning!$C$6:$C$50) -> Barcelona​ | G61: Arts and Humanities | H61: =+_xlfn.XLOOKUP(G61,Data_Cleaning!$J$6:$J$11,Data_Cleaning!$K$6:$K$11) -> Arts and Humanities | I61: 5000 | J61: 5000 | K61: 5000 | L61: 5000
B62: 91062 | C62: Estudis Globals / Global Studies (docència en Anglès) (Vic) | D62: UVic-UCC | E62: Vic | F62: =+_xlfn.XLOOKUP(E62,Data_Cleaning!$B$6:$B$50,Data_Cleaning!$C$6:$C$50) -> Barcelona​ | G62: Arts and Humanities | H62: =+_xlfn.XLOOKUP(G62,Data_Cleaning!$J$6:$J$11,Data_Cleaning!$K$6:$K$11) -> Arts and Humanities | I62: 5000 | J62: 5000 | K62: 5000 | L62: 5000
B63: 21148 | C63: Estudis Socioculturals de Gènere (Cerdanyola del Vallès) | D63: UAB | E63: Cerdanyola del Vallès | F63: =+_xlfn.XLOOKUP(E63,Data_Cleaning!$B$6:$B$50,Data_Cleaning!$C$6:$C$50) -> Barcelona​ | G63: Arts and Humanities | H63: =+_xlfn.XLOOKUP(G63,Data_Cleaning!$J$6:$J$11,Data_Cleaning!$K$6:$K$11) -> Arts and Humanities | I63: 5000 | J63: 5188 | K63: 5000 | L63: 5000
B64: 11023 | C64: Estudis Literaris (Barcelona) | D64: UB | E64: Barcelona | F64: =+_xlfn.XLOOKUP(E64,Data_Cleaning!$B$6:$B$50,Data_Cleaning!$C$6:$C$50) -> Barcelona​ | G64: Arts and Humanities | H64: =+_xlfn.XLOOKUP(G64,Data_Cleaning!$J$6:$J$11,Data_Cleaning!$K$6:$K$11) -> Arts and Humanities | I64: 5000 | J64: 5000 | K64: 5000 | L64: 8167
B65: 81070 | C65: Filologia Catalana (Girona) | D65: UdG | E65: Girona | F65: =+_xlfn.XLOOKUP(E65,Data_Cleaning!$B$6:$B$50,Data_Cleaning!$C$6:$C$50) -> Girona​ | G65: {=_xlfn.XLOOKUP(TRUE,ISNUMBER(SEARCH(Data_Cleaning!$F$6:$F$36,C65)),Data_Cleaning!$G$6:$G$36,"Other",0)} -> Arts and Humanities | H65: =+_xlfn.XLOOKUP(G65,Data_Cleaning!$J$6:$J$11,Data_Cleaning!$K$6:$K$11) -> Arts and Humanities | I65: 5000 | J65: 5000 | K65: 5000 | L65: 7333
B66: 21134 | C66: Filologia Catalana: Estudis de Literatura i Lingüística (Cerdanyola del Vallès) | D66: UAB | E66: Cerdanyola del Vallès | F66: =+_xlfn.XLOOKUP(E66,Data_Cleaning!$B$6:$B$50,Data_Cleaning!$C$6:$C$50) -> Barcelona​ | G66: {=_xlfn.XLOOKUP(TRUE,ISNUMBER(SEARCH(Data_Cleaning!$F$6:$F$36,C66)),Data_Cleaning!$G$6:$G$36,"Other",0)} -> Arts and Humanities | H66: =+_xlfn.XLOOKUP(G66,Data_Cleaning!$J$6:$J$11,Data_Cleaning!$K$6:$K$11) -> Arts and Humanities | I66: 5000 | J66: 5000 | K66: 5000 | L66: 5000
B67: 61055 | C67: Filologia Catalana i Estudis Occitans (Lleida) | D67: UdL | E67: Lleida | F67: =+_xlfn.XLOOKUP(E67,Data_Cleaning!$B$6:$B$50,Data_Cleaning!$C$6:$C$50) -> Lleida​ | G67: {=_xlfn.XLOOKUP(TRUE,ISNUMBER(SEARCH(Data_Cleaning!$F$6:$F$36,C67)),Data_Cleaning!$G$6:$G$36,"Other",0)} -> Arts and Humanities | H67: =+_xlfn.XLOOKUP(G67,Data_Cleaning!$J$6:$J$11,Data_Cleaning!$K$6:$K$11) -> Arts and Humanities | I67: 5000 | J67: 5000 | K67: 5000 | L67: 5000
B68: 61058 | C68: Filologia Catalana i Estudis Occitans / Llengües Aplicades i Traducció (simultaneïtat) (Lleida) | D68: UdL | E68: Lleida | F68: =+_xlfn.XLOOKUP(E68,Data_Cleaning!$B$6:$B$50,Data_Cleaning!$C$6:$C$50) -> Lleida​ | G68: {=_xlfn.XLOOKUP(TRUE,ISNUMBER(SEARCH(Data_Cleaning!$F$6:$F$36,C68)),Data_Cleaning!$G$6:$G$36,"Other",0)} -> Double Degree | H68: Arts and Humanities | I68: 5000 | J68: 5000 | K68: 5000 | L68: 5000
B69: 11026 | C69: Filologia Clàssica (Barcelona) | D69: UB | E69: Barcelona | F69: =+_xlfn.XLOOKUP(E69,Data_Cleaning!$B$6:$B$50,Data_Cleaning!$C$6:$C$50) -> Barcelona​ | G69: {=_xlfn.XLOOKUP(TRUE,ISNUMBER(SEARCH(Data_Cleaning!$F$6:$F$36,C69)),Data_Cleaning!$G$6:$G$36,"Other",0)} -> Arts and Humanities | H69: =+_xlfn.XLOOKUP(G69,Data_Cleaning!$J$6:$J$11,Data_Cleaning!$K$6:$K$11) -> Arts and Humanities | I69: 5000 | J69: 5000 | K69: 5000 | L69: 8167
B70: 11027 | C70: Filologia Hispànica (Barcelona) | D70: UB | E70: Barcelona | F70: =+_xlfn.XLOOKUP(E70,Data_Cleaning!$B$6:$B$50,Data_Cleaning!$C$6:$C$50) -> Barcelona​ | G70: {=_xlfn.XLOOKUP(TRUE,ISNUMBER(SEARCH(Data_Cleaning!$F$6:$F$36,C70)),Data_Cleaning!$G$6:$G$36,"Other",0)} -> Arts and Humanities | H70: =+_xlfn.XLOOKUP(G70,Data_Cleaning!$J$6:$J$11,Data_Cleaning!$K$6:$K$11) -> Arts and Humanities | I70: 5000 | J70: 5000 | K70: 5000 | L70: 5000
B71: 81071 | C71: Filologia Hispànica (Girona) | D71: UdG | E71: Girona | F71: =+_xlfn.XLOOKUP(E71,Data_Cleaning!$B$6:$B$50,Data_Cleaning!$C$6:$C$50) -> Girona​ | G71: {=_xlfn.XLOOKUP(TRUE,ISNUMBER(SEARCH(Data_Cleaning!$F$6:$F$36,C71)),Data_Cleaning!$G$6:$G$36,"Other",0)} -> Arts and Humanities | H71: =+_xlfn.XLOOKUP(G71,Data_Cleaning!$J$6:$J$11,Data_Cleaning!$K$6:$K$11) -> Arts and Humanities | I71: 5000 | J71: 5000 | K71: 5000 | L71: 5000
B72: 61079 | C72: Filologia Hispànica (Lleida) | D72: UdL | E72: Lleida | F72: =+_xlfn.XLOOKUP(E72,Data_Cleaning!$B$6:$B$50,Data_Cleaning!$C$6:$C$50) -> Lleida​ | G72: {=_xlfn.XLOOKUP(TRUE,ISNUMBER(SEARCH(Data_Cleaning!$F$6:$F$36,C72)),Data_Cleaning!$G$6:$G$36,"Other",0)} -> Arts and Humanities | H72: =+_xlfn.XLOOKUP(G72,Data_Cleaning!$J$6:$J$11,Data_Cleaning!$K$6:$K$11) -> Arts and Humanities | I72: 5000 | J72: 5000 | K72: 5000 | L72: 5000
B73: 61080 | C73: Filologia Hispànica / Llengües Aplicades i Traducció (simultaneïtat) (Lleida) | D73: UdL | E73: Lleida | F73: =+_xlfn.XLOOKUP(E73,Data_Cleaning!$B$6:$B$50,Data_Cleaning!$C$6:$C$50) -> Lleida​ | G73: {=_xlfn.XLOOKUP(TRUE,ISNUMBER(SEARCH(Data_Cleaning!$F$6:$F$36,C73)),Data_Cleaning!$G$6:$G$36,"Other",0)} -> Double Degree | H73: Arts and Humanities | I73: 5000 | J73: 6125 | K73: 5000 | L73: 5000
B74: 21032 | C74: Filosofia (Cerdanyola del Vallès) | D74: UAB | E74: Cerdanyola del Vallès | F74: =+_xlfn.XLOOKUP(E74,Data_Cleaning!$B$6:$B$50,Data_Cleaning!$C$6:$C$50) -> Barcelona​ | G74: Arts and Humanities | H74: =+_xlfn.XLOOKUP(G74,Data_Cleaning!$J$6:$J$11,Data_Cleaning!$K$6:$K$11) -> Arts and Humanities | I74: 5000 | J74: 5000 | K74: 5000 | L74: 6500
B75: 81072 | C75: Filosofia (Girona) | D75: UdG | E75: Girona | F75: =+_xlfn.XLOOKUP(E75,Data_Cleaning!$B$6:$B$50,Data_Cleaning!$C$6:$C$50) -> Girona​ | G75: Arts and Humanities | H75: =+_xlfn.XLOOKUP(G75,Data_Cleaning!$J$6:$J$11,Data_Cleaning!$K$6:$K$11) -> Arts and Humanities | I75: 5000 | J75: 5000 | K75: 5000 | L75: 7667
B76: 61026 | C76: Geografia (Lleida) | D76: UdL | E76: Lleida | F76: =+_xlfn.XLOOKUP(E76,Data_Cleaning!$B$6:$B$50,Data_Cleaning!$C$6:$C$50) -> Lleida​ | G76: Social Sciences and Law | H76: =+_xlfn.XLOOKUP(G76,Data_Cleaning!$J$6:$J$11,Data_Cleaning!$K$6:$K$11) -> Social Sciences | I76: 5000 | J76: 5000 | K76: 5000 | L76: 5000
B77: 71015 | C77: Geografia, Anàlisi Territorial i Sostenibilitat (Vila-Seca) | D77: URV | E77: Vila-Seca | F77: =+_xlfn.XLOOKUP(E77,Data_Cleaning!$B$6:$B$50,Data_Cleaning!$C$6:$C$50) -> Tarragona​ | G77: Social Sciences and Law | H77: =+_xlfn.XLOOKUP(G77,Data_Cleaning!$J$6:$J$11,Data_Cleaning!$K$6:$K$11) -> Social Sciences | I77: 5000 | J77: 5000 | K77: 5000 | L77: 5000
B78: 21124 | C78: Geografia, Medi Ambient i Planificació Territorial (Cerdanyola del Vallès) | D78: UAB | E78: Cerdanyola del Vallès | F78: =+_xlfn.XLOOKUP(E78,Data_Cleaning!$B$6:$B$50,Data_Cleaning!$C$6:$C$50) -> Barcelona​ | G78: Social Sciences and Law | H78: =+_xlfn.XLOOKUP(G78,Data_Cleaning!$J$6:$J$11,Data_Cleaning!$K$6:$K$11) -> Social Sciences | I78: 5000 | J78: 5000 | K78: 5000 | L78: 5000
B79: 81073 | C79: Geografia, Territori i Medi Ambient (Girona) | D79: UdG | E79: Girona | F79: =+_xlfn.XLOOKUP(E79,Data_Cleaning!$B$6:$B$50,Data_Cleaning!$C$6:$C$50) -> Girona​ | G79: Social Sciences and Law | H79: =+_xlfn.XLOOKUP(G79,Data_Cleaning!$J$6:$J$11,Data_Cleaning!$K$6:$K$11) -> Social Sciences | I79: 5000 | J79: 5000 | K79: 5000 | L79: 5000
B80: 91060 | C80: Gestió de la Societat Digital (Campus Manresa) (Manresa) | D80: UVic-UCC | E80: Manresa | F80: =+_xlfn.XLOOKUP(E80,Data_Cleaning!$B$6:$B$50,Data_Cleaning!$C$6:$C$50) -> Barcelona​ | G80: Engineering and Architecture | H80: =+_xlfn.XLOOKUP(G80,Data_Cleaning!$J$6:$J$11,Data_Cleaning!$K$6:$K$11) -> Science and Technology | I80: 5000 | J80: 5000 | K80: 5000 | L80: 5000
B81: 71068 | C81: Gestió en Turisme i Hoteleria (Vila-Seca) | D81: URV | E81: Vila-Seca | F81: =+_xlfn.XLOOKUP(E81,Data_Cleaning!$B$6:$B$50,Data_Cleaning!$C$6:$C$50) -> Tarragona​ | G81: {=_xlfn.XLOOKUP(TRUE,ISNUMBER(SEARCH(Data_Cleaning!$F$6:$F$36,C81)),Data_Cleaning!$G$6:$G$36,"Other",0)} -> Social Sciences and Law | H81: =+_xlfn.XLOOKUP(G81,Data_Cleaning!$J$6:$J$11,Data_Cleaning!$K$6:$K$11) -> Social Sciences | I81: 5000 | J81: 5000 | K81: 6330 | L81: 6333
B82: 31135 | C82: Gestió i Digitalització en l'Esport "EUNCET" (Campus Can Dragó) (Barcelona) | D82: UPC | E82: Barcelona | F82: =+_xlfn.XLOOKUP(E82,Data_Cleaning!$B$6:$B$50,Data_Cleaning!$C$6:$C$50) -> Barcelona​ | G82: Health Sciences | H82: =+_xlfn.XLOOKUP(G82,Data_Cleaning!$J$6:$J$11,Data_Cleaning!$K$6:$K$11) -> Science and Technology | I82: 5000 | J82: 5000 | K82: 5000 | L82: 5000
B83: 31137 | C83: Gestió i Digitalització en l'Esport / Màrqueting, Innovació i Tecnologia "EUNCET" (Campus Can Dragó + Campus 22@) (presencial) (simultaneïtat) (Barcelona) | D83: UPC | E83: Barcelona | F83: =+_xlfn.XLOOKUP(E83,Data_Cleaning!$B$6:$B$50,Data_Cleaning!$C$6:$C$50) -> Barcelona​ | G83: {=_xlfn.XLOOKUP(TRUE,ISNUMBER(SEARCH(Data_Cleaning!$F$6:$F$36,C83)),Data_Cleaning!$G$6:$G$36,"Other",0)} -> Double Degree | H83: Social Sciences | I83: 5000 | J83: 5000 | K83: 5000 | L83: 5000
B84: 11118 | C84: Grau obert "CETT" (Direcció Hotelera Internacional / Màrqueting) (Barcelona) | D84: UB | E84: Barcelona | F84: =+_xlfn.XLOOKUP(E84,Data_Cleaning!$B$6:$B$50,Data_Cleaning!$C$6:$C$50) -> Barcelona​ | G84: {=_xlfn.XLOOKUP(TRUE,ISNUMBER(SEARCH(Data_Cleaning!$F$6:$F$36,C84)),Data_Cleaning!$G$6:$G$36,"Other",0)} -> Social Sciences and Law | H84: =+_xlfn.XLOOKUP(G84,Data_Cleaning!$J$6:$J$11,Data_Cleaning!$K$6:$K$11) -> Social Sciences | I84: 5000 | J84: 5000 | K84: 5000 | L84: 5000
B85: 11035 | C85: Història (Barcelona) | D85: UB | E85: Barcelona | F85: =+_xlfn.XLOOKUP(E85,Data_Cleaning!$B$6:$B$50,Data_Cleaning!$C$6:$C$50) -> Barcelona​ | G85: {=_xlfn.XLOOKUP(TRUE,ISNUMBER(SEARCH(Data_Cleaning!$F$6:$F$36,C85)),Data_Cleaning!$G$6:$G$36,"Other",0)} -> Arts and Humanities | H85: =+_xlfn.XLOOKUP(G85,Data_Cleaning!$J$6:$J$11,Data_Cleaning!$K$6:$K$11) -> Arts and Humanities | I85: 5000 | J85: 5000 | K85: 5000 | L85: 5000
B86: 21040 | C86: Història (Cerdanyola del Vallès) | D86: UAB | E86: Cerdanyola del Vallès | F86: =+_xlfn.XLOOKUP(E86,Data_Cleaning!$B$6:$B$50,Data_Cleaning!$C$6:$C$50) -> Barcelona​ | G86: {=_xlfn.XLOOKUP(TRUE,ISNUMBER(SEARCH(Data_Cleaning!$F$6:$F$36,C86)),Data_Cleaning!$G$6:$G$36,"Other",0)} -> Arts and Humanities | H86: =+_xlfn.XLOOKUP(G86,Data_Cleaning!$J$6:$J$11,Data_Cleaning!$K$6:$K$11) -> Arts and Humanities | I86: 5000 | J86: 5000 | K86: 5000 | L86: 5333
B87: 81074 | C87: Història (Girona) | D87: UdG | E87: Girona | F87: =+_xlfn.XLOOKUP(E87,Data_Cleaning!$B$6:$B$50,Data_Cleaning!$C$6:$C$50) -> Girona​ | G87: {=_xlfn.XLOOKUP(TRUE,ISNUMBER(SEARCH(Data_Cleaning!$F$6:$F$36,C87)),Data_Cleaning!$G$6:$G$36,"Other",0)} -> Arts and Humanities | H87: =+_xlfn.XLOOKUP(G87,Data_Cleaning!$J$6:$J$11,Data_Cleaning!$K$6:$K$11) -> Arts and Humanities | I87: 5000 | J87: 5000 | K87: 5000 | L87: 5000
B88: 61028 | C88: Història (Lleida) | D88: UdL | E88: Lleida | F88: =+_xlfn.XLOOKUP(E88,Data_Cleaning!$B$6:$B$50,Data_Cleaning!$C$6:$C$50) -> Lleida​ | G88: {=_xlfn.XLOOKUP(TRUE,ISNUMBER(SEARCH(Data_Cleaning!$F$6:$F$36,C88)),Data_Cleaning!$G$6:$G$36,"Other",0)} -> Arts and Humanities | H88: =+_xlfn.XLOOKUP(G88,Data_Cleaning!$J$6:$J$11,Data_Cleaning!$K$6:$K$11) -> Arts and Humanities | I88: 5000 | J88: 5000 | K88: 5000 | L88: 5000
B89: 11034 | C89: Història de l'Art (Barcelona) | D89: UB | E89: Barcelona | F89: =+_xlfn.XLOOKUP(E89,Data_Cleaning!$B$6:$B$50,Data_Cleaning!$C$6:$C$50) -> Barcelona​ | G89: {=_xlfn.XLOOKUP(TRUE,ISNUMBER(SEARCH(Data_Cleaning!$F$6:$F$36,C89)),Data_Cleaning!$G$6:$G$36,"Other",0)} -> Arts and Humanities | H89: =+_xlfn.XLOOKUP(G89,Data_Cleaning!$J$6:$J$11,Data_Cleaning!$K$6:$K$11) -> Arts and Humanities | I89: 5000 | J89: 5000 | K89: 5000 | L89: 5167
B90: 21039 | C90: Història de l'Art (Cerdanyola del Vallès) | D90: UAB | E90: Cerdanyola del Vallès | F90: =+_xlfn.XLOOKUP(E90,Data_Cleaning!$B$6:$B$50,Data_Cleaning!$C$6:$C$50) -> Barcelona​ | G90: {=_xlfn.XLOOKUP(TRUE,ISNUMBER(SEARCH(Data_Cleaning!$F$6:$F$36,C90)),Data_Cleaning!$G$6:$G$36,"Other",0)} -> Arts and Humanities | H90: =+_xlfn.XLOOKUP(G90,Data_Cleaning!$J$6:$J$11,Data_Cleaning!$K$6:$K$11) -> Arts and Humanities | I90: 5000 | J90: 5000 | K90: 5000 | L90: 5000
B91: 81075 | C91: Història de l'Art (Girona) | D91: UdG | E91: Girona | F91: =+_xlfn.XLOOKUP(E91,Data_Cleaning!$B$6:$B$50,Data_Cleaning!$C$6:$C$50) -> Girona​ | G91: {=_xlfn.XLOOKUP(TRUE,ISNUMBER(SEARCH(Data_Cleaning!$F$6:$F$36,C91)),Data_Cleaning!$G$6:$G$36,"Other",0)} -> Arts and Humanities | H91: =+_xlfn.XLOOKUP(G91,Data_Cleaning!$J$6:$J$11,Data_Cleaning!$K$6:$K$11) -> Arts and Humanities | I91: 5000 | J91: 5000 | K91: 5000 | L91: 5000
B92: 61081 | C92: Història de l'Art i Gestió del Patrimoni Artístic (Lleida) | D92: UdL | E92: Lleida | F92: =+_xlfn.XLOOKUP(E92,Data_Cleaning!$B$6:$B$50,Data_Cleaning!$C$6:$C$50) -> Lleida​ | G92: {=_xlfn.XLOOKUP(TRUE,ISNUMBER(SEARCH(Data_Cleaning!$F$6:$F$36,C92)),Data_Cleaning!$G$6:$G$36,"Other",0)} -> Arts and Humanities | H92: =+_xlfn.XLOOKUP(G92,Data_Cleaning!$J$6:$J$11,Data_Cleaning!$K$6:$K$11) -> Arts and Humanities | I92: 5000 | J92: 5000 | K92: 5000 | L92: 5833
B93: 41003 | C93: Humanitats (Barcelona) | D93: UPF | E93: Barcelona | F93: =+_xlfn.XLOOKUP(E93,Data_Cleaning!$B$6:$B$50,Data_Cleaning!$C$6:$C$50) -> Barcelona​ | G93: {=_xlfn.XLOOKUP(TRUE,ISNUMBER(SEARCH(Data_Cleaning!$F$6:$F$36,C93)),Data_Cleaning!$G$6:$G$36,"Other",0)} -> Arts and Humanities | H93: =+_xlfn.XLOOKUP(G93,Data_Cleaning!$J$6:$J$11,Data_Cleaning!$K$6:$K$11) -> Arts and Humanities | I93: 5000 | J93: 5000 | K93: 5000 | L93: 5000
B94: 21101 | C94: Humanitats (Cerdanyola del Vallès) | D94: UAB | E94: Cerdanyola del Vallès | F94: =+_xlfn.XLOOKUP(E94,Data_Cleaning!$B$6:$B$50,Data_Cleaning!$C$6:$C$50) -> Barcelona​ | G94: {=_xlfn.XLOOKUP(TRUE,ISNUMBER(SEARCH(Data_Cleaning!$F$6:$F$36,C94)),Data_Cleaning!$G$6:$G$36,"Other",0)} -> Arts and Humanities | H94: =+_xlfn.XLOOKUP(G94,Data_Cleaning!$J$6:$J$11,Data_Cleaning!$K$6:$K$11) -> Arts and Humanities | I94: 5000 | J94: 5000 | K94: 5000 | L94: 6000
B95: 21046 | C95: Informàtica i Serveis (Sant Cugat del Vallès) | D95: UAB | E95: Sant Cugat del Vallès | F95: =+_xlfn.XLOOKUP(E95,Data_Cleaning!$B$6:$B$50,Data_Cleaning!$C$6:$C$50) -> Barcelona​ | G95: Engineering and Architecture | H95: =+_xlfn.XLOOKUP(G95,Data_Cleaning!$J$6:$J$11,Data_Cleaning!$K$6:$K$11) -> Science and Technology | I95: 5000 | J95: 5000 | K95: 5000 | L95: 5000
B96: 81058 | C96: Innovació i Seguretat Alimentària (Girona) | D96: UdG | E96: Girona | F96: =+_xlfn.XLOOKUP(E96,Data_Cleaning!$B$6:$B$50,Data_Cleaning!$C$6:$C$50) -> Girona​ | G96: Health Sciences | H96: =+_xlfn.XLOOKUP(G96,Data_Cleaning!$J$6:$J$11,Data_Cleaning!$K$6:$K$11) -> Science and Technology | I96: 5000 | J96: 5000 | K96: 5000 | L96: 5000
B97: 10120 | C97: Investigació Privada (títol propi, no oficial) (Barcelona) | D97: UB | E97: Barcelona | F97: =+_xlfn.XLOOKUP(E97,Data_Cleaning!$B$6:$B$50,Data_Cleaning!$C$6:$C$50) -> Barcelona​ | G97: Social Sciences and Law | H97: =+_xlfn.XLOOKUP(G97,Data_Cleaning!$J$6:$J$11,Data_Cleaning!$K$6:$K$11) -> Social Sciences | I97: 5000 | J97: 5000 | K97: 5000 | L97: 6167
B98: 11039 | C98: Lingüística (Barcelona) | D98: UB | E98: Barcelona | F98: =+_xlfn.XLOOKUP(E98,Data_Cleaning!$B$6:$B$50,Data_Cleaning!$C$6:$C$50) -> Barcelona​ | G98: Arts and Humanities | H98: =+_xlfn.XLOOKUP(G98,Data_Cleaning!$J$6:$J$11,Data_Cleaning!$K$6:$K$11) -> Arts and Humanities | I98: 5000 | J98: 5000 | K98: 5000 | L98: 5000
B99: 71072 | C99: Llengua i Literatura Catalanes (Tarragona) | D99: URV | E99: Tarragona | F99: =+_xlfn.XLOOKUP(E99,Data_Cleaning!$B$6:$B$50,Data_Cleaning!$C$6:$C$50) -> Tarragona​ | G99: Arts and Humanities | H99: =+_xlfn.XLOOKUP(G99,Data_Cleaning!$J$6:$J$11,Data_Cleaning!$K$6:$K$11) -> Arts and Humanities | I99: 5000 | J99: 5000 | K99: 5000 | L99: 5000
B100: 21136 | C100: Llengua i Literatura Espanyoles (Cerdanyola del Vallès) | D100: UAB | E100: Cerdanyola del Vallès | F100: =+_xlfn.XLOOKUP(E100,Data_Cleaning!$B$6:$B$50,Data_Cleaning!$C$6:$C$50) -> Barcelona​ | G100: Arts and Humanities | H100: =+_xlfn.XLOOKUP(G100,Data_Cleaning!$J$6:$J$11,Data_Cleaning!$K$6:$K$11) -> Arts and Humanities | I100: 5000 | J100: 5000 | K100: 5000 | L100: 7500
B101: 71073 | C101: Llengua i Literatura Hispàniques (Tarragona) | D101: URV | E101: Tarragona | F101: =+_xlfn.XLOOKUP(E101,Data_Cleaning!$B$6:$B$50,Data_Cleaning!$C$6:$C$50) -> Tarragona​ | G101: Arts and Humanities | H101: =+_xlfn.XLOOKUP(G101,Data_Cleaning!$J$6:$J$11,Data_Cleaning!$K$6:$K$11) -> Arts and Humanities | I101: 5000 | J101: 6000 | K101: 5000 | L101: 5000
B102: 41023 | C102: Llengües Aplicades (Barcelona) | D102: UPF | E102: Barcelona | F102: =+_xlfn.XLOOKUP(E102,Data_Cleaning!$B$6:$B$50,Data_Cleaning!$C$6:$C$50) -> Barcelona​ | G102: Arts and Humanities | H102: =+_xlfn.XLOOKUP(G102,Data_Cleaning!$J$6:$J$11,Data_Cleaning!$K$6:$K$11) -> Arts and Humanities | I102: 5000 | J102: 5000 | K102: 5000 | L102: 5000
...

Sheet Data_Cleaning
B5: Unique Regions from Table 1 - Column E | C5: Province | F5: Keyword | G5: Field | J5: Batxillerat | K5: Batxillerat
B6: Mataró | C6: Barcelona​ | F6: (simultaneïtat) | G6: Double Degree | J6: Double Degree | K6: Manual
B7: Barcelona | C7: Barcelona​ | F7: Treball | G7: Social Sciences and Law | J7: Social Sciences and Law | K7: Social Sciences
B8: Cerdanyola del Vallès | C8: Barcelona​ | F8: Enginyeria | G8: Engineering and Architecture | J8: Engineering and Architecture | K8: Science and Technology
B9: Girona | C9: Girona​ | F9: Arquitectura | G9: Engineering and Architecture | J9: Sciences | K9: Science and Technology
B10: Igualada | C10: Barcelona​ | F10: Química | G10: Sciences | J10: Health Sciences | K10: Science and Technology
B11: Lleida | C11: Lleida​ | F11: Biologia | G11: Sciences | J11: Arts and Humanities | K11: Arts and Humanities
B12: Manresa | C12: Barcelona​ | F12: Ciències Ambientals | G12: Sciences
B13: Reus | C13: Tarragona​ | F13: Matemàtiques | G13: Sciences
B14: Tortosa | C14: Tarragona​ | F14: Física | G14: Sciences
B15: Vic | C15: Barcelona​ | F15: Empresa | G15: Social Sciences and Law
B16: Tarragona / Reus | C16: Tarragona​ | F16: Administració | G16: Social Sciences and Law
B17: Reus / Barcelona | C17: Tarragona​ | F17: Economia | G17: Social Sciences and Law
B18: Tortosa / Barcelona | C18: Tarragona​ | F18: Dret | G18: Social Sciences and Law
B19: Tarragona | C19: Tarragona​ | F19: Turisme | G19: Social Sciences and Law
B20: Sant Cugat del Vallès | C20: Barcelona​ | F20: Psicologia | G20: Health Sciences
B21: Salt | C21: Girona​ | F21: Medicina | G21: Health Sciences
B22: Barcelona / Cerdanyola del Vallès | C22: Barcelona​ | F22: Infermeria | G22: Health Sciences
B23: Santa Coloma de Gramenet | C23: Barcelona​ | F23: Fisioteràpia | G23: Health Sciences
... B38: Manresa / Barcelona | C38: Barcelona​ | F38: Traducció | G38: Arts and Humanities
B39: Vilanova i la Geltrú | C39: Barcelona​
B40: Granollers | C40: Barcelona​
B41: Barcelona / Santa Coloma de Gramenet | C41: Barcelona​
B42: Cerdanyola del Vallès / Barcelona | C42: Barcelona​
B43: Vila-Seca | C43: Tarragona​
B44: Sant Boi de Llobregat | C44: Barcelona​
B45: Tremp | C45: Lleida​
B46: Vilafranca del Penedès / el Vendrell | C46: Barcelona​
B47: Girona / Salt | C47: Girona​
B48: Manresa / Vic | C48: Barcelona​
B49: Barcelona / Castelldefels | C49: Barcelona​
B50: Mollet del Vallès | C50: Barcelona​

Sheet Back-up >>>
B3: Back-up >>>

Sheet Table 1_Raw
B2: Notes de tall 1a assignació Juny 2025 (11/07/25)
B3: Ordre alfabètic per centre d'estudi
B4: ESTUDIS DE GRAU I TÍTOLS PROPIS
B5: Codi | D5: Nom del centre d'estudi i població | G5: Sigles Universitat | I5: PAU / CFGS | K5: Més grans de 25 anys | M5: Titulats universitaris | O5: Més grans de 45 anys
B6: 41029 | D6: Administració d'Empreses i Gestió de la Innovació "Tecnocampus" (Mataró) | G6: UPF | I6: 7688 | K6: 5000 | M6: 5000 | O6: 5000
B7: 41036 | D7: Administració d'Empreses i Gestió de la Innovació "Tecnocampus" (docència en Anglès) (Mataró) | G7: UPF | I7: 7628 | K7: 5000 | M7: 5000 | O7: 5000
B8: 41041 | D8: Administració d'Empreses i Gestió de la Innovació / Màrqueting i Comunitats Digitals "Tecnocampus" (simultaneïtat) (Mataró) | G8: UPF | I8: 7546 | K8: 5000 | M8: 5000 | O8: 5000
B9: 41035 | D9: Administració d'Empreses i Gestió de la Innovació / Turisme i Gestió del Lleure "Tecnocampus" (simultaneïtat) (Mataró) | G9: UPF | I9: 5000 | K9: 5000 | M9: 5000 | O9: 5000
B10: 11033 | D10: Administració i Direcció d'Empreses (Barcelona) | G10: UB | I10: 9348 | K10: 5000 | M10: 5000 | O10: 5000
B11: 41008 | D11: Administració i Direcció d'Empreses (Barcelona) | G11: UPF | I11: 10966 | K11: 5000 | M11: 5000 | O11: 5000
B12: 71063 | D12: Administració i Direcció d'Empreses "IGEMA" (Barcelona) | G12: URV | I12: 5000 | K12: 5000 | M12: 5000 | O12: 5000
B13: 21014 | D13: Administració i Direcció d'Empreses (Cerdanyola del Vallès) | G13: UAB | I13: 9804 | K13: 5000 | M13: 5000 | O13: 5000
B14: 21099 | D14: Administració i Direcció d'Empreses (docència en Anglès) (Cerdanyola del Vallès) | G14: UAB | I14: 10128 | K14: 5000 | M14: 5000 | O14: 5000
B15: 81003 | D15: Administració i Direcció d'Empreses (Girona) | G15: UdG | I15: 9218 | K15: 5000 | M15: 5000 | O15: 6333
B16: 61069 | D16: Administració i Direcció d'Empreses (Igualada) | G16: UdL | I16: 8224 | K16: 5000 | M16: 5000 | O16: 5000
B17: 61003 | D17: Administració i Direcció d'Empreses (Lleida) | G17: UdL | I17: 7764 | K17: 5000 | M17: 5000 | O17: 5000
... B71: 71054 | D71: Bioquímica i Biologia Molecular / Biotecnologia (simultaneïtat) (Tarragona) | G71: URV | I71: 12280 | K71: 5000 | M71: 9130 | O71: 5000
A73: Codi | C73: Nom del centre d'estudi i població | F73: Sigles Universitat | H73: PAU / CFGS | J73: Més grans de 25 anys | L73: Titulats universitaris | N73: Més grans de 45 anys
A74: 11004 | C74: Biotecnologia (Barcelona) | F74: UB | H74: 11830 | J74: 5000 | L74: 6510 | N74: 5000
A75: 21012 | C75: Biotecnologia (Cerdanyola del Vallès) | F75: UAB | H75: 11506 | J75: 5000 | L75: 5000 | N75: 5000
A76: 81007 | C76: Biotecnologia (Girona) | F76: UdG | H76: 10354 | J76: 5000 | L76: 5000 | N76: 5000
A77: 61005 | C77: Biotecnologia (Lleida) | F77: UdL | H77: 10196 | J77: 5000 | L77: 5000 | N77: 5000
A78: 71006 | C78: Biotecnologia (Tarragona) | F78: URV | H78: 10816 | J78: 5000 | L78: 5000 | N78: 5000
A79: 91004 | C79: Biotecnologia (Vic) | F79: UVic-UCC | H79: 7432 | J79: 5000 | L79: 5000 | N79: 5000
A80: 71056 | C80: Biotecnologia / Enginyeria Informàtica (simultaneïtat) (Tarragona) | F80: URV | H80: 10224 | J80: 5000 | L80: 5000 | N80: 5000
A81: 11109 | C81: Ciberseguretat "ENTI" (Barcelona) | F81: UB | H81: 8299 | J81: 5000 | L81: 5000 | N81: 5000
A82: 31089 | C82: Ciència i Enginyeria de Dades (Barcelona) | F82: UPC | H82: 12514 | J82: 5000 | L82: 6610 | N82: 5000
A83: 61040 | C83: Ciència i Producció Animal / Veterinària (simultaneïtat) (Lleida) | F83: UdL | H83: 11329 | J83: 7000 | L83: 7800 | N83: 5000
A84: 21021 | C84: Ciència i Tecnologia dels Aliments (Cerdanyola del Vallès) | F84: UAB | H84: 9032 | J84: 5000 | L84: 5000 | N84: 5833
A85: 61008 | C85: Ciència i Tecnologia dels Aliments (Lleida) | F85: UdL | H85: 5770 | J85: 5000 | L85: 5000 | N85: 5000
... A152: 71085 | C152: Direcció i Gestió d'Empreses en l'Àmbit Digital "ESIC" (Barcelona) | F152: URV | H152: 5000 | J152: 5000 | L152: 5000 | N152: 5000
A153: Codi | C153: Nom del centre d'estudi i població | F153: Sigles Universitat | H153: PAU / CFGS | J153: Més grans de 25 anys | L153: Titulats universitaris | N153: Més grans de 45 anys
A154: 11110 | C154: Direcció i Gestió Gastronòmica "Barcelona Culinary Hub" (L'Hospitalet de Llobregat) | F154: UB | H154: 5000 | J154: 5000 | L154: 5000 | N154: 5000
A155: 11101 | C155: Disseny (Barcelona) | F155: UB | H155: 10700 | J155: 8125 | L155: 5000 | N155: 7167
A156: 91007 | C156: Disseny "BAU" (Barcelona) | F156: UVic-UCC | H156: 5000 | J156: 5000 | L156: 5000 | N156: 5000
A157: 21015 | C157: Disseny "Eina" (Barcelona) | F157: UAB | H157: 5000 | J157: 5000 | L157: 5000 | N157: 5000
A158: 61064 | C158: Disseny Digital i Tecnologies Creatives (Lleida) | F158: UdL | H158: 8398 | J158: 5000 | L158: 5000 | N158: 5000
A159: 31121 | C159: Disseny Digital i Tecnologies Multimèdia (Terrassa) | F159: UPC | H159: 5000 | J159: 5000 | L159: 5000 | N159: 5000
A160: 31083 | C160: Disseny i Desenvolupament de Videojocs (docència en Anglès) (Campus Barcelona) (Barcelona / Terrassa) | F160: UPC | H160: 5000 | J160: 6750 | L160: 5000 | N160: 5000
A161: 81059 | C161: Disseny i Desenvolupament de Videojocs (Girona) | F161: UdG | H161: 7408 | J161: 5000 | L161: 5000 | N161: 5000
A162: 31074 | C162: Disseny i Desenvolupament de Videojocs (Campus Terrassa) (Barcelona / Terrassa) | F162: UPC | H162: 5000 | J162: 5000 | L162: 5000 | N162: 5000
A163: 11106 | C163: Disseny i Desenvolupament de Videojocs i Jocs Aplicats "ENTI" (Barcelona) | F163: UB | H163: 5000 | J163: 5000 | L163: 5000 | N163: 5000
A164: 91056 | C164: Disseny i Innovació "ELISAVA" (Barcelona) | F164: UVic-UCC | H164: 5000 | J164: 5000 | L164: 5000 | N164: 5000
A165: 41045 | C165: Disseny i Producció de Videojocs "Tecnocampus" (Mataró) | F165: UPF | H165: 5000 | J165: 5000 | L165: 5000 | N165: 5000
... A223: 31125 | C223: Empresa, Innovació i Tecnologia "EUNCET" (Campus 22@) (semipresencial) (Barcelona) | F223: UPC | H223: 5000 | J223: 5000 | L223: 5000 | N223: 5000
A224: Codi | C224: Nom del centre d'estudi i població | F224: Sigles Universitat | H224: PAU / CFGS | J224: Més grans de 25 anys | L224: Titulats universitaris | N224: Més grans de 45 anys
A225: 31128 | C225: Empresa, Innovació i Tecnologia "EUNCET" (Campus Terrassa) (presencial) (Terrassa) | F225: UPC | H225: 5000 | J225: 5000 | L225: 5000 | N225: 5000
A226: 31127 | C226: Empresa, Innovació i Tecnologia "EUNCET" (Campus Terrassa) (semipresencial) (Terrassa) | F226: UPC | H226: 5000 | J226: 5000 | L226: 5000 | N226: 5000
A227: 31136 | C227: Empresa, Innovació i Tecnologia / Gestió i Digitalització en l'Esport "EUNCET" (Campus Can Dragó + Campus 22@) (presencial) (simultaneïtat) (Barcelona) | F227: UPC | H227: 5000 | J227: 5000 | L227: 5000 | N227: 5000
A228: 31129 | C228: Empresa, Innovació i Tecnologia / Màrqueting, Innovació i Tecnologia "EUNCET" (Campus 22@) (presencial) (simultaneïtat) (Barcelona) | F228: UPC | H228: 5210 | J228: 5000 | L228: 5000 | N228: 5000
A229: 31130 | C229: Empresa, Innovació i Tecnologia / Màrqueting, Innovació i Tecnologia "EUNCET" (Campus Terrassa) (presencial) (simultaneïtat) (Terrassa) | F229: UPC | H229: 5000 | J229: 5000 | L229: 5000 | N229: 5000
A230: 11073 | C230: Empresa Internacional (docència en Anglès) (Barcelona) | F230: UB | H230: 11358 | J230: 5250 | L230: 5000 | N230: 5000
A231: 61006 | C231: Enginyeria Agrària i Alimentària (Lleida) | F231: UdL | H231: 6690 | J231: 5000 | L231: 5000 | N231: 5000
A232: 81032 | C232: Enginyeria Agroalimentària (Girona) | F232: UdG | H232: 7134 | J232: 5000 | L232: 5000 | N232: 5000
A233: 31004 | C233: Enginyeria Alimentària (Castelldefels) | F233: UPC | H233: 7770 | J233: 5000 | L233: 5000 | N233: 5000
A234: 31100 | C234: Enginyeria Ambiental (Castelldefels / Barcelona) | F234: UPC | H234: 7598 | J234: 5000 | L234: 5000 | N234: 5000
A235: 41072 | C235: Enginyeria Audiovisual Computacional (Barcelona) | F235: UPF | H235: 8163 | J235: 5000 | L235: 7760 | N235: 5000
A236: 11059 | C236: Enginyeria Biomèdica (Barcelona) | F236: UB | H236: 12740 | J236: 5000 | L236: 6650 | N236: 5000
... A255: 61075 | C255: Enginyeria de l'Energia i Sostenibilitat / Enginyeria en Electrònica Industrial i | F255: UdL | H255: 9978 | J255: 5000 | L255: 5000 | N255: 5000
C256: Automàtica / Enginyeria Mecànica (agrupació) Grau en + Màster Universitari en
C257: Enginyeria Industrial (PARS: Enginyer/a Industrial) (Lleida)
A258: 61065 | C258: Enginyeria de l'Energia i Sostenibilitat / Enginyeria Mecànica (simultaneïtat) (Lleida) | F258: UdL | H258: 10218 | J258: 5000 | L258: 5000 | N258: 5000
A259: 11060 | C259: Enginyeria de Materials (Barcelona) | F259: UB | H259: 8826 | J259: 5000 | L259: 5000 | N259: 5000
A260: 31025 | C260: Enginyeria de Materials (Barcelona / Sant Adrià de Besòs) | F260: UPC | H260: 8984 | J260: 5000 | L260: 5000 | N260: 5000
A261: 31104 | C261: Enginyeria Electrònica Industrial i Automàtica / Enginyeria Mecànica / Enginyeria | F261: UPC | H261: 7958 | J261: 5000 | L261: 5000 | N261: 5000
C262: Química / Enginyeria de Recursos Minerals i el seu Reciclatge (agrupació)
C263: (Manresa)
A264: 31123 | C264: Enginyeria de Satèl·lits (Castelldefels) | F264: UPC | H264: 11068 | J264: 5000 | L264: 5000 | N264: 5000
A265: 31084 | C265: Enginyeria de Sistemes Aeroespacials (Castelldefels) | F265: UPC | H265: 11410 | J265: 5000 | L265: 5000 | N265: 5000
A266: 31085 | C266: Enginyeria de Sistemes Aeroespacials / Enginyeria de Sistemes de | F266: UPC | H266: 11084 | J266: 5000 | L266: 5000 | N266: 5000
C267: Telecomunicació - Enginyeria Telemàtica (agrupació de simultaneïtat)
C268: (Castelldefels)
A269: 31010 | C269: Enginyeria de Sistemes Audiovisuals (Terrassa) | F269: UPC | H269: 7214 | J269: 5000 | L269: 5000 | N269: 5000
A270: 31011 | C270: Enginyeria de Sistemes Biològics (Castelldefels) | F270: UPC | H270: 9424 | J270: 5000 | L270: 5000 | N270: 5000
A271: 21115 | C271: Enginyeria de Sistemes de Telecomunicació / Enginyeria Electrònica de Telecomunicació (agrupació) (Cerdanyola del Vallès) | F271: UAB | H271: 8203 | J271: 5000 | L271: 5000 | N271: 5000
A272: 21105 | C272: Enginyeria de Sistemes de Telecomunicació / Enginyeria Informàtica (simultaneïtat) (Cerdanyola del Vallès) | F272: UAB | H272: 9878 | J272: 5000 | L272: 5000 | N272: 5000
A273: 31076 | C273: Enginyeria de Sistemes de Telecomunicació / Enginyeria Telemàtica (inclou xarxes i Internet) (agrupació) (Castelldefels) | F273: UPC | H273: 8526 | J273: 5000 | L273: 5000 | N273: 5000
A274: 31077 | C274: Enginyeria de Sistemes de Telecomunicació / Enginyeria Telemàtica (inclou xarxes i Internet) (febrer) (agrupació) (Castelldefels) | F274: UPC | H274: 7060 | J274: 5000 | L274: 5000 | N274: 5000
A275: 71042 | C275: Enginyeria de Sistemes i Serveis de Telecomunicacions (Tarragona) | F275: URV | H275: 7776 | J275: 5000 | L275: 5000 | N275: 5000
A276: 31065 | C276: Enginyeria de Sistemes TIC (àmbit d'Informàtica i Comunicacions) (Manresa) | F276: UPC | H276: 7538 | J276: 5000 | L276: 5000 | N276: 5000
A277: 31015 | C277: Enginyeria de Tecnologia i Disseny Tèxtil / Enginyeria Elèctrica / Enginyeria | F277: UPC | H277: 9085 | J277: 5000 | L277: 5000 | N277: 5000
C278: Electrònica Industrial i Automàtica / Enginyeria Mecànica / Enginyeria Química
C279: (agrupació) (Terrassa)
A280: 31086 | C280: Enginyeria de Tecnologies i Serveis de Telecomunicació (especialitats en | F280: UPC | H280: 8876 | J280: 5000 | L280: 5000 | N280: 5000
C281: Telecomunicació, Audiovisuals i Telemàtica, que inclou xarxes i internet)
C282: (Barcelona)
A283: 31111 | C283: Enginyeria de Tecnologies i Serveis de Telecomunicació (Telecomunicació, | F283: UPC | H283: 11260 | J283: 5000 | L283: 6000 | N283: 5000
C284: Audiovisuals i Telemàtica, xarxes i internet), Grau en + Màster Universitari Enginyeria de Telecomunicació (PARS: Enginyer/a de Telecomunicació)
C285: (Barcelona)
A286: 41068 | C286: Enginyeria de Xarxes de Telecomunicació (Barcelona) | F286: UPF | H286: 9038 | J286: 5000 | L286: 5000 | N286: 5000
A287: 41057 | C287: Enginyeria d'Organització Industrial / Enginyeria Electrònica Industrial i Automàtica / Enginyeria Mecànica "Tecnocampus" (agrupació) (Mataró) | F287: UPF | H287: 6980 | J287: 5000 | L287: 5000 | N287: 5000
A288: 31053 | C288: Enginyeria Elèctrica (Barcelona / Sant Adrià de Besòs) | F288: UPC | H288: 9032 | J288: 5000 | L288: 5000 | N288: 5000
A289: 81040 | C289: Enginyeria Elèctrica (Girona) | F289: UdG | H289: 7330 | J289: 5000 | L289: 5000 | N289: 5000
A290: 71037 | C290: Enginyeria Elèctrica (Tarragona) | F290: URV | H290: 7102 | J290: 5000 | L290: 5000 | N290: 5000
A291: 81050 | C291: Enginyeria Elèctrica / Enginyeria Electrònica Industrial i Automàtica (simultaneïtat) (Girona) | F291: UdG | H291: 7190 | J291: 5000 | L291: 5000 | N291: 5000
A292: 71058 | C292: Enginyeria Elèctrica / Enginyeria Electrònica Industrial i Automàtica (simultaneïtat) (Tarragona) | F292: URV | H292: 9078 | J292: 5000 | L292: 5000 | N292: 5000
A293: Codi | C293: Nom del centre d'estudi i població | F293: Sigles Universitat | H293: PAU / CFGS | J293: Més grans de 25 anys | L293: Titulats universitaris | N293: Més grans de 45 anys
A294: 31124 | C294: Enginyeria Elèctrica i Sistemes Ferroviaris / Enginyeria Electrònica Industrial i Automàtica / Enginyeria Mecànica (agrupació) (Vilanova i la Geltrú) | F294: UPC | H294: 7856 | J294: 5000 | L294: 5000 | N294: 5000
A295: 11017 | C295: Enginyeria Electrònica de Telecomunicació (Barcelona) | F295: UB | H295: 9370 | J295: 5000 | L295: 5000 | N295: 5000
A296: 31099 | C296: Enginyeria Electrònica de Telecomunicació (Barcelona) | F296: UPC | H296: 10240 | J296: 5000 | L296: 5000 | N296: 5000
...
